Const,Your Rating,Date Rated,Title,URL,Title Type,IMDb Rating,Runtime (mins),Year,Genres,Num Votes,Release Date,Directors
tt0102536,10,2019-05-06,Night on Earth,https://www.imdb.com/title/tt0102536/,movie,7.8,129,1991,"Comedy, Drama",49709,1991-10-04,Jim Jarmusch
tt0105236,8,2019-05-06,Reservoir Dogs,https://www.imdb.com/title/tt0105236/,movie,8.3,99,1992,"Crime, Drama, Thriller",818067,1992-01-21,Quentin Tarantino
tt0107653,9,2019-05-05,Naked,https://www.imdb.com/title/tt0107653/,movie,7.9,132,1993,"Comedy, Drama",30037,1993-05-14,Mike Leigh
tt0114709,7,2019-05-06,Toy Story,https://www.imdb.com/title/tt0114709/,movie,8.3,81,1995,"Animation, Adventure, Comedy, Family, Fantasy",786693,1995-11-19,John Lasseter
tt0120363,9,2019-05-06,Toy Story 2,https://www.imdb.com/title/tt0120363/,movie,7.9,92,1999,"Animation, Adventure, Comedy, Family, Fantasy",466337,1999-11-13,"John Lasseter, Lee Unkrich, Ash Brannon"
tt1392190,5,2019-05-06,Mad Max: Fury Road,https://www.imdb.com/title/tt1392190/,movie,8.1,120,2015,"Action, Adventure, Sci-Fi, Thriller",774694,2015-05-07,George Miller
tt1714915,9,2019-05-06,Only Lovers Left Alive,https://www.imdb.com/title/tt1714915/,movie,7.3,123,2013,"Comedy, Drama, Fantasy, Horror, Romance",80408,2013-05-25,Jim Jarmusch
tt1748122,9,2019-05-06,Moonrise Kingdom,https://www.imdb.com/title/tt1748122/,movie,7.8,94,2012,"Adventure, Comedy, Drama, Romance",290456,2012-05-16,Wes Anderson
tt1853728,7,2019-05-06,Django Unchained,https://www.imdb.com/title/tt1853728/,movie,8.4,165,2012,"Drama, Western",1201928,2012-12-11,Quentin Tarantino
tt1856101,10,2019-05-02,Blade Runner 2049,https://www.imdb.com/title/tt1856101/,movie,8.0,164,2017,"Drama, Mystery, Sci-Fi, Thriller",372198,2017-10-03,Denis Villeneuve
tt2278388,9,2019-05-06,The Grand Budapest Hotel,https://www.imdb.com/title/tt2278388/,movie,8.1,99,2014,"Adventure, Comedy, Crime, Drama",629824,2014-02-06,Wes Anderson
tt2406566,10,2019-05-06,Atomic Blonde,https://www.imdb.com/title/tt2406566/,movie,6.7,115,2017,"Action, Mystery, Thriller",148357,2017-03-12,David Leitch
tt2543164,8,2019-05-06,Arrival,https://www.imdb.com/title/tt2543164/,movie,7.9,116,2016,"Drama, Mystery, Sci-Fi, Thriller",509397,2016-09-01,Denis Villeneuve
tt2562232,9,2019-05-06,Birdman or (The Unexpected Virtue of Ignorance),https://www.imdb.com/title/tt2562232/,movie,7.7,119,2014,"Comedy, Drama",515828,2014-08-27,Alejandro G. Iñárritu
tt0266697,9,2019-05-06,Kill Bill: Vol. 1,https://www.imdb.com/title/tt0266697/,movie,8.1,111,2003,"Action, Crime, Thriller",900313,2003-09-29,Quentin Tarantino
tt0361748,9,2019-05-06,Inglourious Basterds,https://www.imdb.com/title/tt0361748/,movie,8.3,153,2009,"Adventure, Drama, War",1111510,2009-05-20,"Quentin Tarantino, Eli Roth"
tt3659388,9,2019-05-06,The Martian,https://www.imdb.com/title/tt3659388/,movie,8.0,144,2015,"Adventure, Drama, Sci-Fi",674314,2015-09-11,Ridley Scott
tt0378194,8,2019-05-06,Kill Bill: Vol. 2,https://www.imdb.com/title/tt0378194/,movie,8.0,137,2004,"Action, Crime, Thriller",611374,2004-04-08,Quentin Tarantino
tt3783958,10,2019-05-06,La La Land,https://www.imdb.com/title/tt3783958/,movie,8.0,128,2016,"Comedy, Drama, Music, Musical, Romance",431481,2016-08-31,Damien Chazelle
tt0379217,9,2019-05-06,Coffee and Cigarettes,https://www.imdb.com/title/tt0379217/,movie,7.1,95,2003,"Comedy, Drama, Music",54954,2003-09-05,Jim Jarmusch
tt3890160,5,2019-05-06,Baby Driver,https://www.imdb.com/title/tt3890160/,movie,7.6,112,2017,"Action, Crime, Drama, Music, Thriller",357326,2017-03-11,Edgar Wright
tt0470752,7,2019-05-06,Ex Machina,https://www.imdb.com/title/tt0470752/,movie,7.7,108,2014,"Drama, Mystery, Sci-Fi, Thriller",421138,2014-12-16,Alex Garland
tt5013056,8,2019-05-05,Dunkirk,https://www.imdb.com/title/tt5013056/,movie,7.9,106,2017,"Action, Drama, History, Thriller, War",460933,2017-07-13,Christopher Nolan
tt5027774,7,2019-05-06,"Three Billboards Outside Ebbing, Missouri",https://www.imdb.com/title/tt5027774/,movie,8.2,115,2017,"Crime, Drama",338064,2017-09-04,Martin McDonagh
tt5247022,1,2019-05-06,Paterson,https://www.imdb.com/title/tt5247022/,movie,7.4,118,2016,"Comedy, Drama, Romance",54560,2016-05-16,Jim Jarmusch
tt5580390,7,2019-05-06,The Shape of Water,https://www.imdb.com/title/tt5580390/,movie,7.3,123,2017,"Adventure, Drama, Fantasy, Romance, Thriller",303392,2017-08-31,Guillermo del Toro
tt0816692,8,2019-05-06,Interstellar,https://www.imdb.com/title/tt0816692/,movie,8.6,169,2014,"Adventure, Drama, Sci-Fi",1285747,2014-10-26,Christopher Nolan
tt0083658,9,2019-05-06,Blade Runner,https://www.imdb.com/title/tt0083658/,movie,8.2,117,1982,"Sci-Fi, Thriller",624207,1982-06-25,Ridley Scott
tt0910970,9,2019-05-06,WALL·E,https://www.imdb.com/title/tt0910970/,movie,8.4,98,2008,"Animation, Adventure, Family, Sci-Fi",899946,2008-06-21,Andrew Stanton
tt0993846,6,2019-05-06,The Wolf of Wall Street,https://www.imdb.com/title/tt0993846/,movie,8.2,180,2013,"Biography, Crime, Drama",1026989,2013-12-17,Martin Scorsese
